erp_transaction_code,creator_user_id,movement_type,document_type, total_linhas , total_id_unicos ,valor_total_movimentado
,LAMBDA_PNU_P,automatic,YX," 2,087,370 "," 1,043,685 ",0.00E+00
,SAPCPI,automatic,YN," 1,022,562 "," 511,281 ",0.00E+00
,LAMBDA_PNU_P,automatic,YB," 136,320 "," 68,160 ",0.00E+00
,LAMBDA_PNU_P,automatic,YI," 76,848 "," 38,424 ",0.00E+00
,LAMBDA_PNU_P,automatic,YC," 48,954 "," 24,477 ",0.00E+00
,SAPCPI,automatic,KR," 48,592 "," 24,296 ",0.00E+00
,SAPCPI,automatic,CC," 21,174 "," 8,779 ",0.00E+00
,LAMBDA_PNU_P,automatic,YA," 17,802 "," 8,901 ",0.00E+00
,USERJOB,automatic,CC," 16,922 "," 4,564 ",0.00E+00
,KBRIGHI,automatic,AA," 16,331 "," 4,572 ",0.00E+00
,LCAMARGO,automatic,AA," 14,993 "," 7,493 ",0.00E+00
,SAPCPI,automatic,KS," 12,178 "," 6,089 ",0.00E+00
,LAMBDA_PNU_P,automatic,YL," 2,194 "," 1,097 ",0.00E+00
,LAMBDA_PNU_P,automatic,YD, 784 , 392 ,0.00E+00
,USERJOB,automatic,SC, 584 , 292 ,0.00E+00
,USERJOB,automatic,ES, 576 , 288 ,0.00E+00
,LAMBDA_PNU_P,automatic,YM, 412 , 206 ,0.00E+00
,LAMBDA_PNU_P,automatic,TX, 214 , 107 ,0.00E+00
,LAMBDA_PNU_P,automatic,YP, 194 , 97 ,0.00E+00
,SAPCPI,automatic,HR, 8 , 4 ,0.00E+00
AB01L,RCASTILLO,automatic,AA, 6 , 3 ,0.00E+00
AB08,KBRIGHI,automatic,ES," 2,998 ", 786 ,0.00E+00
AB08,LCAMARGO,automatic,ES," 2,274 "," 1,137 ",0.00E+00
AB08,DFERREIRA,automatic,ES, 40 , 13 ,0.00E+00
AB08,MVITORIA,automatic,ES, 10 , 2 ,0.00E+00
AB08,FMUNOZ,automatic,ES, 6 , 2 ,0.00E+00
AB08,NMOLINA,automatic,ES, 4 , 2 ,0.00E+00
AB08,MCOLOZZO,automatic,ES, 3 , 1 ,0.00E+00
ABAVN,DFERREIRA,automatic,AA, 236 , 32 ,0.00E+00
ABAVN,MVITORIA,automatic,AA, 38 , 8 ,0.00E+00
ABAVN,SBORECKI,automatic,AA, 27 , 13 ,0.00E+00
ABAVN,MCOLOZZO,automatic,AA, 22 , 8 ,0.00E+00
ABAVN,ESANTIAGO,automatic,AA, 20 , 7 ,0.00E+00
ABAVN,EVALADEZ,automatic,AA, 12 , 1 ,0.00E+00
ABAVN,ALIRA,automatic,AA, 12 , 5 ,0.00E+00
ABAVN,FMUNOZ,automatic,AA, 4 , 1 ,0.00E+00
ABUMN,KBRIGHI,automatic,AA," 3,254 ", 625 ,0.00E+00
ABUMN,DFERREIRA,automatic,AA, 334 , 82 ,0.00E+00
ABUMN,MVITORIA,automatic,AA, 40 , 9 ,0.00E+00
ABUMN,ESANTIAGO,automatic,AA, 32 , 12 ,0.00E+00
ABZON,DFERREIRA,automatic,AA, 658 , 109 ,0.00E+00
ABZON,ESANTIAGO,automatic,AA, 134 , 41 ,0.00E+00
ABZON,NMOLINA,automatic,AA, 132 , 66 ,0.00E+00
ABZON,RCASTILLO,automatic,AA, 92 , 46 ,0.00E+00
ABZON,EVALADEZ,automatic,AA, 86 , 43 ,0.00E+00
ABZON,MVITORIA,automatic,AA, 46 , 9 ,0.00E+00
ABZON,LPUERTO,automatic,AA, 34 , 17 ,0.00E+00
ABZON,MCOLOZZO,automatic,AA, 18 , 9 ,0.00E+00
ABZON,SBORECKI,automatic,AA, 6 , 3 ,0.00E+00
ABZON,AMALMEIDA,automatic,AA, 4 , 2 ,0.00E+00
ABZON,PSAMPAIO,automatic,AA, 2 , 1 ,0.00E+00
ABZON,FMUNOZ,automatic,AF, 2 , 1 ,0.00E+00
AFABN,USERJOB,automatic,AF," 247,364 ", 740 ,0.00E+00
AFABN,DFERREIRA,automatic,AF," 162,670 ", 573 ,0.00E+00
AFABN,MCOLOZZO,automatic,AF," 39,374 ", 111 ,0.00E+00
AFABN,NMOLINA,automatic,AF, 126 , 10 ,0.00E+00
AFABN,RCASTILLO,automatic,AF, 92 , 9 ,0.00E+00
AFABN,EVALADEZ,automatic,AF, 52 , 2 ,0.00E+00
AFABN,LPUERTO,automatic,AF, 34 , 3 ,0.00E+00
AFABN,FMUNOZ,automatic,AF, 12 , 4 ,0.00E+00
AS02,DFERREIRA,automatic,AA, 4 , 2 ,0.00E+00
F110,USERJOB,automatic,ZP," 153,577 "," 53,810 ",0.00E+00
F110,NSANTOS,automatic,ZP," 14,843 "," 5,445 ",0.00E+00
F110,OSOSA,automatic,ZP," 7,231 "," 2,394 ",0.00E+00
F110,MREIS,automatic,ZP," 6,271 "," 2,163 ",0.00E+00
F110,CALVAREZ,automatic,ZP," 4,629 "," 1,447 ",0.00E+00
F110,EBAZBAZ,automatic,ZP," 2,696 "," 1,345 ",0.00E+00
F110,IRANGEL,automatic,ZP," 2,145 ", 970 ,0.00E+00
F110,ISOUZA,automatic,ZP," 1,927 ", 768 ,0.00E+00
F110,DCOSTO,automatic,ZP, 413 , 135 ,0.00E+00
F110,JESILVA,automatic,ZP, 337 , 150 ,0.00E+00
F110,JTOCANCHON,automatic,ZP, 212 , 66 ,0.00E+00
F110,MDUTRA,automatic,ZP, 156 , 78 ,0.00E+00
F110,MMARUJO,automatic,ZP, 102 , 51 ,0.00E+00
F110,MLOPEZ,automatic,ZP, 92 , 46 ,0.00E+00
F110,TBORBA,automatic,ZP, 92 , 46 ,0.00E+00
F110,OMACIEL,automatic,ZP, 91 , 35 ,0.00E+00
F110,VGRACIANO,automatic,ZP, 54 , 27 ,0.00E+00
F110,WFERREIRA,automatic,ZP, 38 , 18 ,0.00E+00
F110,GCIBOTTO,automatic,ZP, 28 , 14 ,0.00E+00
F110,RSIQUEIRA,automatic,ZP, 26 , 13 ,0.00E+00
F110,VPEDRO,automatic,ZP, 20 , 10 ,0.00E+00
F110,MOLIVEIRA,automatic,ZP, 16 , 6 ,0.00E+00
F110,MFARIA,automatic,ZP, 16 , 8 ,0.00E+00
F110,ALARAUJO,automatic,ZP, 10 , 5 ,0.00E+00
F110,GFROLINI,automatic,ZP, 6 , 3 ,0.00E+00
F110,JFERNANDES,automatic,ZP, 6 , 3 ,0.00E+00
F110,USERJOB,automatic,SU, 6 , 3 ,0.00E+00
F110,KBRIGHI,automatic,ZP, 4 , 2 ,0.00E+00
F110,FAGUIRRE,automatic,ZP, 3 , 1 ,0.00E+00
F110,FSAMPAIO,automatic,ZP, 2 , 1 ,0.00E+00
F111,CASHMGTBR,automatic,ZR," 1,984 ", 992 ,0.00E+00
F111,JPROCIUK,automatic,ZR," 1,466 ", 733 ,0.00E+00
F111,OMACIEL,automatic,ZR, 870 , 435 ,0.00E+00
F111,FSAMPAIO,automatic,ZR, 810 , 405 ,0.00E+00
F111,JESILVA,automatic,ZR, 786 , 393 ,0.00E+00
F111,LFERREIRA,automatic,ZR, 422 , 211 ,0.00E+00
F111,GABLIMA,automatic,ZR, 312 , 156 ,0.00E+00
F111,VPEDRO,automatic,ZR, 156 , 78 ,0.00E+00
F111,CASHMGTBR,automatic,ZP, 146 , 73 ,0.00E+00
F111,MMARUJO,automatic,ZR, 68 , 34 ,0.00E+00
F111,JESILVA,automatic,ZP, 66 , 33 ,0.00E+00
F111,OMACIEL,automatic,ZP, 62 , 31 ,0.00E+00
F111,MDUTRA,automatic,ZR, 46 , 23 ,0.00E+00
F111,APATARROYO,automatic,ZP, 38 , 19 ,0.00E+00
F111,DACASTRO,automatic,ZP, 28 , 14 ,0.00E+00
F111,MLOPEZ,automatic,ZR, 24 , 12 ,0.00E+00
F111,LGUTIERREZ,automatic,ZP, 24 , 12 ,0.00E+00
F111,VPEDRO,automatic,ZP, 20 , 10 ,0.00E+00
F111,MMARUJO,automatic,ZP, 16 , 8 ,0.00E+00
F111,MDUTRA,automatic,ZP, 16 , 8 ,0.00E+00
F111,FAGUIRRE,automatic,ZP, 14 , 7 ,0.00E+00
F111,CASHMGTBR,automatic,ZV, 12 , 6 ,0.00E+00
F111,JPROCIUK,automatic,ZP, 8 , 4 ,0.00E+00
F111,LCALDAS,automatic,ZP, 6 , 3 ,0.00E+00
F111,FSAMPAIO,automatic,ZV, 6 , 3 ,0.00E+00
F111,OMACIEL,automatic,ZV, 4 , 2 ,0.00E+00
F111,JESILVA,automatic,ZV, 2 , 1 ,0.00E+00
F111,TBORBA,automatic,ZR, 2 , 1 ,0.00E+00
FAGL_IT_02,UTEIXEIRA,automatic,EC," 939,402 "," 469,701 ",0.00E+00
FAGL_IT_02,DABE,automatic,EC," 232,394 "," 116,197 ",0.00E+00
FAGL_IT_02,TCOELHO,automatic,EC," 38,424 "," 19,212 ",0.00E+00
FAGL_IT_02,FRUIZ,automatic,EC," 11,758 "," 5,879 ",0.00E+00
FAGL_IT_02,DABE,manual,N1," 4,038 "," 2,019 ",0.00E+00
FAGL_IT_02,FRUIZ,manual,N1," 1,430 ", 715 ,0.00E+00
FAGL_IT_02,DCARIUS,automatic,EC, 388 , 194 ,0.00E+00
FAGL_IT_02,CAARAUJO,automatic,EC, 78 , 39 ,0.00E+00
FB01,USERJOB,automatic,ZR," 1,995,018 "," 997,509 ",0.00E+00
FB01,DACASTRO,automatic,ZR," 495,342 "," 247,671 ",0.00E+00
FB01,FAGUIRRE,automatic,ZR," 46,102 "," 23,051 ",0.00E+00
FB01,MLOPEZ,automatic,ZR," 7,802 "," 3,901 ",0.00E+00
FB01,APATARROYO,automatic,ZR," 6,942 "," 3,471 ",0.00E+00
FB01,LGUTIERREZ,automatic,ZR," 6,424 "," 3,212 ",0.00E+00
FB01,LCALDAS,automatic,ZR," 2,012 "," 1,006 ",0.00E+00
FB01,ANAVARRO,automatic,ZR," 1,988 ", 994 ,0.00E+00
FB01,VPEDRO,automatic,ZR," 1,168 ", 584 ,0.00E+00
FB01,JESILVA,automatic,ZR," 1,040 ", 520 ,0.00E+00
FB01,RASANTOS,automatic,ZR, 954 , 477 ,0.00E+00
FB01,MDUTRA,automatic,ZR, 764 , 382 ,0.00E+00
FB01,MMARUJO,automatic,ZR, 700 , 350 ,0.00E+00
FB01,TBORBA,automatic,ZR, 688 , 344 ,0.00E+00
FB01,GABLIMA,automatic,ZR, 442 , 221 ,0.00E+00
FB01,NSOPHIE,automatic,TI, 250 , 125 ,0.00E+00
FB01,OMACIEL,automatic,ZR, 198 , 99 ,0.00E+00
FB01,JFERNANDES,automatic,ZR, 150 , 75 ,0.00E+00
FB01,KPLAZA,automatic,TI, 60 , 30 ,0.00E+00
FB01,EBAZBAZ,automatic,ZR, 40 , 20 ,0.00E+00
FB01,FSAMPAIO,automatic,ZR, 8 , 4 ,0.00E+00
FB01,MTEHOZOL,automatic,TI, 4 , 2 ,0.00E+00
FB05,NSOPHIE,automatic,TI," 6,746 "," 2,477 ",0.00E+00
FB05,KPLAZA,automatic,TI," 2,021 ", 668 ,0.00E+00
FB05,IRANGEL,automatic,KR, 355 , 150 ,0.00E+00
FB05,ARFRIAS,automatic,ZR, 294 , 147 ,0.00E+00
FB05,ISOUZA,automatic,KR, 106 , 37 ,0.00E+00
FB05,NSANTOS,automatic,KR, 69 , 31 ,0.00E+00
FB05,MTEHOZOL,automatic,TI, 57 , 16 ,0.00E+00
FB05,MREIS,automatic,KR, 48 , 23 ,0.00E+00
FB05,IRANGEL,automatic,KZ, 16 , 3 ,0.00E+00
FB05,DALVES,automatic,KR, 13 , 5 ,0.00E+00
FB05,DCOSTO,automatic,KR, 6 , 1 ,0.00E+00
FB05,NSANTOS,automatic,KZ, 4 , 1 ,0.00E+00
FB05,MOLIVEIRA,automatic,KR, 2 , 1 ,0.00E+00
FB08,DACASTRO,automatic,ES," 142,994 "," 71,497 ",0.00E+00
FB08,DFERREIRA,automatic,ES," 56,978 ", 233 ,0.00E+00
FB08,FSOUZA,automatic,ES," 19,759 "," 9,877 ",0.00E+00
FB08,KCORREA,automatic,ES," 11,198 "," 5,576 ",0.00E+00
FB08,BCARVALHO,automatic,ES," 9,209 "," 4,604 ",0.00E+00
FB08,USERJOB,automatic,ES," 7,297 "," 2,559 ",0.00E+00
FB08,AMALMEIDA,automatic,ES," 6,178 "," 3,089 ",0.00E+00
FB08,DPIZON,automatic,ES," 5,239 ", 248 ,0.00E+00
FB08,CALCANTARA,automatic,ES," 5,214 "," 2,412 ",0.00E+00
FB08,WBATISTA,automatic,ES," 4,193 ", 282 ,0.00E+00
FB08,NSANTOS,automatic,ES," 3,587 "," 1,332 ",0.00E+00
FB08,PSAMPAIO,automatic,ES," 3,522 ", 417 ,0.00E+00
FB08,IRANGEL,automatic,ES," 3,005 "," 1,210 ",0.00E+00
FB08,ALMARQUES,automatic,ES," 2,960 ", 69 ,0.00E+00
FB08,SBORECKI,automatic,ES," 2,444 ", 369 ,0.00E+00
FB08,MCOLOZZO,automatic,ES," 2,220 ", 7 ,0.00E+00
FB08,LCAMARGO,automatic,ES," 2,200 "," 1,100 ",0.00E+00
FB08,AROCHA,automatic,ES," 1,856 ", 928 ,0.00E+00
FB08,SDNASCIMENTO,automatic,ES," 1,738 ", 863 ,0.00E+00
FB08,ARFRIAS,automatic,ES," 1,726 ", 461 ,0.00E+00
FB08,OSOSA,automatic,ES," 1,720 ", 642 ,0.00E+00
FB08,LOSILVA,automatic,ES," 1,594 ", 788 ,0.00E+00
FB08,FRUIZ,manual,N1," 1,450 ", 718 ,0.00E+00
FB08,PEALMEIDA,automatic,ES," 1,325 ", 583 ,0.00E+00
FB08,HBALBINO,manual,FP," 1,204 ", 601 ,0.00E+00
FB08,PSANTOS,automatic,ES," 1,155 ", 535 ,0.00E+00
FB08,CALVAREZ,automatic,ES," 1,038 ", 336 ,0.00E+00
FB08,LSINIBALDI,automatic,ES, 762 , 371 ,0.00E+00
FB08,BALVES,automatic,ES, 632 , 316 ,0.00E+00
FB08,FERUIZ,automatic,ES, 602 , 153 ,0.00E+00
FB08,AOSORIO,automatic,ES, 598 , 204 ,0.00E+00
FB08,MREIS,automatic,ES, 555 , 241 ,0.00E+00
FB08,DCOSTO,automatic,ES, 520 , 170 ,0.00E+00
FB08,IZCUNHA,automatic,ES, 511 , 45 ,0.00E+00
FB08,FMUNOZ,automatic,ES, 488 , 166 ,0.00E+00
FB08,IORLANDINI,automatic,ES, 461 , 18 ,0.00E+00
FB08,JESILVA,automatic,ES, 451 , 212 ,0.00E+00
FB08,LGUALBERTO,automatic,ES, 397 , 198 ,0.00E+00
FB08,KSUAREZ,automatic,ES, 363 , 19 ,0.00E+00
FB08,ISOUZA,automatic,ES, 340 , 123 ,0.00E+00
FB08,BMARIA,automatic,ES, 309 , 11 ,0.00E+00
FB08,BCHAGAS,automatic,ES, 306 , 8 ,0.00E+00
FB08,CNOMOTO,automatic,ES, 285 , 53 ,0.00E+00
FB08,LCALDAS,automatic,ES, 284 , 142 ,0.00E+00
FB08,DRODRIGUEZ,manual,FP, 257 , 52 ,0.00E+00
FB08,RRODRIGUES,automatic,ES, 254 , 38 ,0.00E+00
FB08,DLOZANO,automatic,ES, 250 , 16 ,0.00E+00
FB08,APATARROYO,automatic,ES, 240 , 120 ,0.00E+00
FB08,OMACIEL,automatic,ES, 240 , 105 ,0.00E+00
FB08,SSARMENTO,automatic,ES, 220 , 18 ,0.00E+00
FB08,DLOPEZ,automatic,ES, 219 , 23 ,0.00E+00
FB08,FRUIZ,automatic,ES, 217 , 28 ,0.00E+00
FB08,MCLARA,automatic,ES, 211 , 36 ,0.00E+00
FB08,ELAVIN,automatic,ES, 203 , 12 ,0.00E+00
FB08,MGAYTAN,manual,FP, 202 , 44 ,0.00E+00
FB08,APEREZ,manual,FP, 199 , 4 ,0.00E+00
FB08,JTOCANCHON,automatic,ES, 184 , 55 ,0.00E+00
FB08,LLOPEZ,automatic,ES, 153 , 76 ,0.00E+00
FB08,FAGUIRRE,automatic,ES, 152 , 76 ,0.00E+00
FB08,TGONZALEZ,automatic,ES, 146 , 73 ,0.00E+00
FB08,JCORREA,automatic,ES, 126 , 63 ,0.00E+00
FB08,LEBUENO,automatic,ES, 118 , 17 ,0.00E+00
FB08,RCHANG,automatic,ES, 108 , 10 ,0.00E+00
FB08,TCOELHO,automatic,ES, 102 , 9 ,0.00E+00
FB08,LPUERTO,manual,N1, 100 , 7 ,0.00E+00
FB08,DABE,automatic,ES, 99 , 5 ,0.00E+00
FB08,HBALBINO,automatic,ES, 86 , 41 ,0.00E+00
FB08,APEREZ,automatic,ES, 85 , 26 ,0.00E+00
FB08,RDUARTE,automatic,ES, 84 , 40 ,0.00E+00
FB08,VPEDRO,automatic,ES, 82 , 41 ,0.00E+00
FB08,ADOMINGUEZ,automatic,ES, 81 , 5 ,0.00E+00
FB08,BCATO,automatic,ES, 76 , 13 ,0.00E+00
FB08,MLOPEZ,automatic,ES, 74 , 37 ,0.00E+00
FB08,SAHERNANDEZ,automatic,ES, 72 , 9 ,0.00E+00
FB08,PLEANDRIN,automatic,ES, 66 , 20 ,0.00E+00
FB08,MMARUJO,automatic,ES, 62 , 31 ,0.00E+00
FB08,IZCUNHA,manual,N1, 61 , 15 ,0.00E+00
FB08,BBENITEZ,automatic,ES, 60 , 30 ,0.00E+00
FB08,CALCANTARA,manual,N1, 56 , 10 ,0.00E+00
FB08,AAGUIAR,automatic,ES, 54 , 5 ,0.00E+00
FB08,DALVES,automatic,ES, 51 , 20 ,0.00E+00
FB08,RASANTOS,automatic,ES, 50 , 25 ,0.00E+00
FB08,MDUTRA,automatic,ES, 48 , 24 ,0.00E+00
FB08,JSANTAMARIA,automatic,ES, 47 , 6 ,0.00E+00
FB08,CRODRIGUEZ,automatic,ES, 47 , 11 ,0.00E+00
FB08,SOVALLE,automatic,ES, 47 , 7 ,0.00E+00
FB08,LGUTIERREZ,automatic,ES, 44 , 22 ,0.00E+00
FB08,KLEAL,automatic,ES, 40 , 1 ,0.00E+00
FB08,JMELLO,automatic,ES, 39 , 13 ,0.00E+00
FB08,DABE,manual,N1, 34 , 17 ,0.00E+00
FB08,DRAMIREZ,automatic,ES, 31 , 12 ,0.00E+00
FB08,FSAMPAIO,automatic,ES, 30 , 15 ,0.00E+00
FB08,APEREZ,manual,N1, 29 , 8 ,0.00E+00
FB08,KMELO,automatic,ES, 28 , 3 ,0.00E+00
FB08,JGONZAGA,automatic,ES, 28 , 14 ,0.00E+00
FB08,JPROCIUK,automatic,ES, 26 , 12 ,0.00E+00
FB08,EDLOPES,automatic,ES, 26 , 7 ,0.00E+00
FB08,LALOPES,automatic,ES, 26 , 5 ,0.00E+00
FB08,MOLIVEIRA,automatic,ES, 25 , 11 ,0.00E+00
FB08,BMARIA,manual,N1, 25 , 3 ,0.00E+00
FB08,RCOSTA,automatic,ES, 24 , 12 ,0.00E+00
FB08,MFARIA,automatic,ES, 24 , 12 ,0.00E+00
FB08,RRAPOSO,automatic,ES, 24 , 2 ,0.00E+00
FB08,JEPEREIRA,automatic,ES, 22 , 11 ,0.00E+00
FB08,BSARAIVA,automatic,ES, 20 , 10 ,0.00E+00
FB08,JEPEREIRA,manual,FP, 20 , 10 ,0.00E+00
FB08,IORLANDINI,manual,N1, 20 , 5 ,0.00E+00
FB08,DCAMACHO,automatic,ES, 19 , 3 ,0.00E+00
FB08,LFERREIRA,automatic,ES, 19 , 9 ,0.00E+00
FB08,LPUERTO,automatic,ES, 18 , 3 ,0.00E+00
FB08,NMOLINA,automatic,ES, 18 , 5 ,0.00E+00
FB08,CNOMOTO,manual,N1, 16 , 4 ,0.00E+00
FB08,SARIZA,manual,N1, 15 , 3 ,0.00E+00
FB08,JTADEU,manual,N1, 14 , 3 ,0.00E+00
FB08,PEALMEIDA,manual,N1, 14 , 1 ,0.00E+00
FB08,GFSANTOS,automatic,ES, 12 , 1 ,0.00E+00
FB08,CGALVEZ,automatic,ES, 12 , 5 ,0.00E+00
FB08,CAARAUJO,automatic,ES, 10 , 4 ,0.00E+00
FB08,VGRACIANO,automatic,ES, 10 , 5 ,0.00E+00
FB08,TCOELHO,manual,N1, 10 , 4 ,0.00E+00
FB08,SARIZA,automatic,ES, 10 , 2 ,0.00E+00
FB08,SDNASCIMENTO,manual,N1, 8 , 4 ,0.00E+00
FB08,ALARAUJO,automatic,ES, 8 , 4 ,0.00E+00
FB08,ACOUTINHO,automatic,ES, 8 , 4 ,0.00E+00
FB08,GABLIMA,automatic,ES, 8 , 4 ,0.00E+00
FB08,FERUIZ,manual,N1, 8 , 3 ,0.00E+00
FB08,EBOTELLO,automatic,ES, 8 , 4 ,0.00E+00
FB08,CRODRIGUEZ,manual,N1, 6 , 2 ,0.00E+00
FB08,LRODRIGUES,automatic,ES, 6 , 3 ,0.00E+00
FB08,TBORBA,automatic,ES, 6 , 3 ,0.00E+00
FB08,ARAMIREZ,automatic,ES, 6 , 3 ,0.00E+00
FB08,EMARIN,manual,N1, 6 , 1 ,0.00E+00
FB08,LEBUENO,manual,N1, 6 , 1 ,0.00E+00
FB08,EMARIN,automatic,ES, 6 , 1 ,0.00E+00
FB08,DFORIGUA,automatic,ES, 4 , 1 ,0.00E+00
FB08,LBRUXEL,automatic,ES, 4 , 2 ,0.00E+00
FB08,LSINIBALDI,manual,FP, 4 , 2 ,0.00E+00
FB08,RSIQUEIRA,automatic,ES, 4 , 2 ,0.00E+00
FB08,JMELLO,manual,N1, 4 , 1 ,0.00E+00
FB08,BCHAGAS,manual,N1, 4 , 1 ,0.00E+00
FB08,AROCHA,manual,FP, 4 , 2 ,0.00E+00
FB08,ELAVIN,manual,N1, 4 , 1 ,0.00E+00
FB08,EFARIAS,automatic,ES, 4 , 1 ,0.00E+00
FB08,MLATORRE,automatic,ES, 2 , 1 ,0.00E+00
FB08,RSTEPHANO,automatic,ES, 2 , 1 ,0.00E+00
FB08,JBARAUNA,manual,FP, 2 , 1 ,0.00E+00
FB08,GCIBOTTO,automatic,ES, 2 , 1 ,0.00E+00
FB08,SBORECKI,manual,IC, 2 , 1 ,0.00E+00
FB08,DRODRIGUEZ,automatic,ES, 2 , 1 ,0.00E+00
FB08,AAGUIAR,manual,N1, 2 , 1 ,0.00E+00
FB08,JBARAUNA,automatic,ES, 2 , 1 ,0.00E+00
FB08,FRUIZ,manual,FP, 2 , 1 ,0.00E+00
FB1K,CALVAREZ,automatic,SU, 357 , 141 ,0.00E+00
FB1K,DALVES,automatic,SU, 294 , 132 ,0.00E+00
FB1K,ISOUZA,automatic,SU, 258 , 99 ,0.00E+00
FB1K,IRANGEL,automatic,SU, 164 , 70 ,0.00E+00
FB1K,NSANTOS,automatic,SU, 124 , 54 ,0.00E+00
FB1K,MREIS,automatic,SU, 108 , 48 ,0.00E+00
FB1K,JTOCANCHON,automatic,SU, 58 , 25 ,0.00E+00
FB1K,OSOSA,automatic,SU, 56 , 28 ,0.00E+00
FB1K,DCOSTO,automatic,SU, 31 , 9 ,0.00E+00
FB1K,SAHERNANDEZ,automatic,SU, 27 , 12 ,0.00E+00
FB1K,BBENITEZ,automatic,SU, 10 , 5 ,0.00E+00
FB1K,EBOTELLO,automatic,SU, 10 , 5 ,0.00E+00
FB1K,MOLIVEIRA,automatic,SU, 8 , 4 ,0.00E+00
FB1K,MROJO,automatic,SU, 8 , 4 ,0.00E+00
FB1S,KCORREA,automatic,SU, 812 , 267 ,0.00E+00
FB1S,LLOPEZ,automatic,SU, 205 , 67 ,0.00E+00
FB70,AOSORIO,automatic,DR, 54 , 14 ,0.00E+00
FB70,FERUIZ,automatic,DR, 18 , 6 ,0.00E+00
FBA7,CALVAREZ,automatic,KZ, 22 , 11 ,0.00E+00
FBA7,JTOCANCHON,automatic,KZ, 8 , 4 ,0.00E+00
FBA7,MOLIVEIRA,automatic,KZ, 4 , 2 ,0.00E+00
FBA7,DCOSTO,automatic,KZ, 2 , 1 ,0.00E+00
FBA7,CALVAREZ,automatic,SU, 2 , 1 ,0.00E+00
FBB1,USERJOB,automatic,YH," 64,730 "," 15,137 ",0.00E+00
FBB1,AOSORIO,automatic,YH," 3,232 ", 556 ,0.00E+00
FBB1,APEREZ,automatic,VC," 1,518 ", 52 ,0.00E+00
FBB1,NMOLINA,automatic,VC, 942 , 137 ,0.00E+00
FBB1,FMUNOZ,automatic,YH, 584 , 220 ,0.00E+00
FBB1,FERUIZ,automatic,YH, 524 , 159 ,0.00E+00
FBB1,FSOUZA,manual,SA, 454 , 226 ,0.00E+00
FBB1,ARFRIAS,automatic,VC, 392 , 98 ,0.00E+00
FBB1,FSOUZA,automatic,VC, 182 , 46 ,0.00E+00
FBB1,ARAMIREZ,automatic,VC, 80 , 19 ,0.00E+00
FBB1,BALVES,manual,SA, 66 , 19 ,0.00E+00
FBB1,FSOUZA,manual,FI, 46 , 23 ,0.00E+00
FBB1,AROCHA,manual,SA, 24 , 12 ,0.00E+00
FBB1,ARFRIAS,manual,SA, 12 , 6 ,0.00E+00
FBB1,LGUALBERTO,manual,SA, 8 , 4 ,0.00E+00
FBB1,FERUIZ,manual,SA, 6 , 3 ,0.00E+00
FBB1,LOSILVA,manual,FI, 4 , 2 ,0.00E+00
FBB1,AROCHA,manual,FI, 4 , 2 ,0.00E+00
FBB1,LSINIBALDI,manual,FI, 2 , 1 ,0.00E+00
FBB1,PSANTOS,manual,FI, 2 , 1 ,0.00E+00
FBB1,LSINIBALDI,manual,SA, 2 , 1 ,0.00E+00
FBB1,FERUIZ,automatic,SU, 2 , 1 ,0.00E+00
FBD5,ISOUZA,manual,SA, 428 , 214 ,0.00E+00
FBD5,MREIS,manual,SA, 124 , 62 ,0.00E+00
FBD5,CALCANTARA,manual,SA, 16 , 8 ,0.00E+00
FBD5,CALCANTARA,manual,GO, 4 , 2 ,0.00E+00
FBDC_C002,DFORIGUA,automatic,SU, 385 , 43 ,0.00E+00
FBDC_C002,GSARAY,automatic,SU, 246 , 25 ,0.00E+00
FBDC_C002,SARIZA,automatic,SU, 52 , 11 ,0.00E+00
FBDC_C014,ISOUZA,automatic,KZ," 4,278 ", 507 ,0.00E+00
FBDC_C014,NSANTOS,automatic,KZ, 599 , 96 ,0.00E+00
FBDC_C014,VGRACIANO,automatic,ZP, 5 , 2 ,0.00E+00
FBDC_C014,IRANGEL,automatic,KZ, 2 , 1 ,0.00E+00
FBDC_C022,AOSORIO,automatic,DZ, 122 , 25 ,0.00E+00
FBDC_C022,FERUIZ,automatic,SU, 28 , 5 ,0.00E+00
FBDC_C022,DPINILLA,automatic,DZ, 5 , 1 ,0.00E+00
FBDC_C024,CALVAREZ,automatic,KZ, 377 , 117 ,0.00E+00
FBDC_C024,JTOCANCHON,automatic,KZ, 18 , 7 ,0.00E+00
FBDC_C080,FAGUIRRE,automatic,ZR, 28 , 14 ,0.00E+00
FBDC_C080,LCALDAS,automatic,ZR, 20 , 10 ,0.00E+00
FBDC_C080,APATARROYO,automatic,ZR, 18 , 9 ,0.00E+00
FBDC_C080,DACASTRO,automatic,ZR, 10 , 5 ,0.00E+00
FBDC_C080,LGUTIERREZ,automatic,ZR, 6 , 3 ,0.00E+00
FBDC_P001,DFERREIRA,manual,CP," 378,967 ", 860 ,0.00E+00
FBDC_P001,MCOLOZZO,manual,CP," 73,774 ", 120 ,0.00E+00
FBDC_P001,SBORECKI,manual,SA," 69,889 ", 743 ,0.00E+00
FBDC_P001,DFERREIRA,manual,SA," 52,098 "," 1,084 ",0.00E+00
FBDC_P001,DPIZON,manual,SA," 24,913 ", 875 ,0.00E+00
FBDC_P001,ARFRIAS,manual,SA," 24,876 "," 7,591 ",0.00E+00
FBDC_P001,BVALIATE,manual,SA," 23,550 ", 793 ,0.00E+00
FBDC_P001,AROCHA,manual,SA," 21,434 "," 10,716 ",0.00E+00
FBDC_P001,KCORREA,manual,SA," 18,198 "," 8,992 ",0.00E+00
FBDC_P001,MGAYTAN,manual,FP," 18,050 ", 462 ,0.00E+00
FBDC_P001,SBORECKI,manual,SR," 17,804 ", 184 ,0.00E+00
FBDC_P001,SBORECKI,manual,GO," 16,674 ", 296 ,0.00E+00
FBDC_P001,ALMARQUES,manual,SA," 14,081 ", 381 ,0.00E+00
FBDC_P001,LOKAMOTO,manual,TX," 14,060 "," 7,030 ",0.00E+00
FBDC_P001,MMONTES,manual,FP," 12,405 ", 55 ,0.00E+00
FBDC_P001,JCASTILLO,manual,FP," 11,091 ", 45 ,0.00E+00
FBDC_P001,DFERREIRA,manual,GO," 10,912 ", 215 ,0.00E+00
FBDC_P001,DRODRIGUEZ,manual,FP," 10,576 ", 421 ,0.00E+00
FBDC_P001,HBALBINO,manual,SA," 10,352 "," 5,155 ",0.00E+00
FBDC_P001,FSOUZA,manual,SA," 10,042 "," 5,020 ",0.00E+00
FBDC_P001,PSANTOS,manual,SA," 9,258 "," 4,571 ",0.00E+00
FBDC_P001,RCOSTA,manual,SA," 9,032 "," 4,508 ",0.00E+00
FBDC_P001,KCORREA,manual,FI," 7,938 "," 3,894 ",0.00E+00
FBDC_P001,ALMARQUES,manual,FP," 7,238 ", 42 ,0.00E+00
FBDC_P001,PSAMPAIO,manual,RF," 7,206 ", 750 ,0.00E+00
FBDC_P001,BALVES,manual,SA," 6,774 "," 3,347 ",0.00E+00
FBDC_P001,LSINIBALDI,manual,FI," 6,260 "," 3,117 ",0.00E+00
FBDC_P001,SDNASCIMENTO,manual,SA," 6,182 "," 3,047 ",0.00E+00
FBDC_P001,CALCANTARA,manual,PR," 5,690 "," 2,652 ",0.00E+00
FBDC_P001,ARFRIAS,manual,FI," 5,619 "," 2,562 ",0.00E+00
FBDC_P001,PSANTOS,manual,FI," 5,170 "," 2,500 ",0.00E+00
FBDC_P001,SSARMENTO,manual,SA," 4,894 ", 376 ,0.00E+00
FBDC_P001,LOSILVA,manual,SA," 4,810 "," 2,382 ",0.00E+00
FBDC_P001,JCORREA,manual,SA," 4,708 "," 2,184 ",0.00E+00
FBDC_P001,TGONZALEZ,manual,CP," 4,574 ", 18 ,0.00E+00
FBDC_P001,LLOPEZ,manual,SA," 4,455 "," 2,207 ",0.00E+00
FBDC_P001,AMALMEIDA,manual,PR," 4,428 "," 2,158 ",0.00E+00
FBDC_P001,ALMARQUES,manual,GO," 4,234 ", 86 ,0.00E+00
FBDC_P001,HESILVA,manual,SA," 4,030 "," 1,764 ",0.00E+00
FBDC_P001,PSAMPAIO,manual,PR," 3,904 ", 459 ,0.00E+00
FBDC_P001,MCOLOZZO,manual,GO," 3,900 ", 50 ,0.00E+00
FBDC_P001,BCATO,manual,SA," 3,791 ", 658 ,0.00E+00
FBDC_P001,NCAMACHO,manual,SA," 3,728 "," 1,086 ",0.00E+00
FBDC_P001,GFSANTOS,manual,SA," 3,684 ", 453 ,0.00E+00
FBDC_P001,HBALBINO,manual,FP," 3,538 "," 1,763 ",0.00E+00
FBDC_P001,AMALMEIDA,manual,GO," 3,397 ", 776 ,0.00E+00
FBDC_P001,DRAMIREZ,manual,SA," 3,146 ", 39 ,0.00E+00
FBDC_P001,FSOUZA,manual,FI," 3,102 "," 1,525 ",0.00E+00
FBDC_P001,PLEANDRIN,manual,SA," 2,963 ", 295 ,0.00E+00
FBDC_P001,PEALMEIDA,manual,SA," 2,915 ", 305 ,0.00E+00
FBDC_P001,SDNASCIMENTO,manual,FI," 2,810 "," 1,396 ",0.00E+00
FBDC_P001,LSINIBALDI,manual,SA," 2,786 "," 1,393 ",0.00E+00
FBDC_P001,BCARVALHO,manual,SA," 2,736 "," 1,363 ",0.00E+00
FBDC_P001,WBATISTA,manual,PR," 2,701 ", 200 ,0.00E+00
FBDC_P001,WBATISTA,manual,RF," 2,612 ", 163 ,0.00E+00
FBDC_P001,LOKAMOTO,manual,SA," 2,486 "," 1,243 ",0.00E+00
FBDC_P001,BMARIA,manual,SA," 2,420 ", 198 ,0.00E+00
FBDC_P001,AAGUIAR,manual,SA," 2,324 ", 222 ,0.00E+00
FBDC_P001,SBORECKI,manual,PR," 2,323 ", 544 ,0.00E+00
FBDC_P001,BVALIATE,automatic,BK," 2,311 ", 75 ,0.00E+00
FBDC_P001,KSUAREZ,manual,SA," 2,200 ", 206 ,0.00E+00
FBDC_P001,BCARVALHO,manual,FI," 2,106 ", 929 ,0.00E+00
FBDC_P001,RDUARTE,manual,SA," 2,040 ", 940 ,0.00E+00
FBDC_P001,LEBUENO,manual,SA," 1,928 ", 113 ,0.00E+00
FBDC_P001,AMALMEIDA,manual,SA," 1,898 ", 945 ,0.00E+00
FBDC_P001,CALCANTARA,manual,SA," 1,847 ", 309 ,0.00E+00
FBDC_P001,NCAMACHO,manual,TX," 1,821 ", 23 ,0.00E+00
FBDC_P001,JEPEREIRA,manual,FP," 1,803 ", 149 ,0.00E+00
FBDC_P001,IZCUNHA,manual,SA," 1,760 ", 191 ,0.00E+00
FBDC_P001,MCLARA,manual,SA," 1,685 ", 485 ,0.00E+00
FBDC_P001,DABE,manual,SA," 1,640 ", 213 ,0.00E+00
FBDC_P001,JCAMPOS,manual,CP," 1,630 ", 9 ,0.00E+00
FBDC_P001,FMUNOZ,manual,SA," 1,591 ", 272 ,0.00E+00
FBDC_P001,BMARIA,manual,TX," 1,565 ", 19 ,0.00E+00
FBDC_P001,SBORECKI,manual,IC," 1,454 ", 16 ,0.00E+00
FBDC_P001,IORLANDINI,manual,SA," 1,444 ", 85 ,0.00E+00
FBDC_P001,CALCANTARA,manual,SR," 1,320 ", 11 ,0.00E+00
FBDC_P001,SAHERNANDEZ,manual,SA," 1,285 ", 254 ,0.00E+00
FBDC_P001,PSAMPAIO,manual,SA," 1,270 ", 112 ,0.00E+00
FBDC_P001,LPUERTO,manual,N1," 1,267 ", 77 ,0.00E+00
FBDC_P001,BJOHANSON,manual,SA," 1,171 ", 16 ,0.00E+00
FBDC_P001,LEBUENO,manual,TX," 1,076 ", 67 ,0.00E+00
FBDC_P001,LRODRIGUES,manual,SA," 1,004 ", 117 ,0.00E+00
FBDC_P001,TGONZALEZ,manual,SA, 968 , 484 ,0.00E+00
FBDC_P001,PEALMEIDA,manual,N1, 901 , 80 ,0.00E+00
FBDC_P001,MREIS,manual,SA, 896 , 448 ,0.00E+00
FBDC_P001,DLOPEZ,manual,SA, 893 , 127 ,0.00E+00
FBDC_P001,AOSORIO,manual,SA, 885 , 367 ,0.00E+00
FBDC_P001,CNOMOTO,manual,SA, 881 , 167 ,0.00E+00
FBDC_P001,CAARAUJO,manual,SA, 880 , 138 ,0.00E+00
FBDC_P001,AROCHA,manual,FI, 864 , 432 ,0.00E+00
FBDC_P001,BCHAGAS,manual,SA, 837 , 44 ,0.00E+00
FBDC_P001,FRUIZ,manual,SA, 836 , 113 ,0.00E+00
FBDC_P001,TCOELHO,manual,SA, 833 , 91 ,0.00E+00
FBDC_P001,DLOZANO,manual,SA, 820 , 168 ,0.00E+00
FBDC_P001,PSAMPAIO,manual,CP, 785 , 129 ,0.00E+00
FBDC_P001,LOSILVA,manual,FI, 668 , 334 ,0.00E+00
FBDC_P001,LUSOUZA,manual,SA, 656 , 82 ,0.00E+00
FBDC_P001,SBORECKI,automatic,CS, 620 , 112 ,0.00E+00
FBDC_P001,RCHANG,manual,TX, 565 , 44 ,0.00E+00
FBDC_P001,WBATISTA,manual,CP, 560 , 62 ,0.00E+00
FBDC_P001,JEPEREIRA,manual,SA, 558 , 279 ,0.00E+00
FBDC_P001,APEREZ,manual,SA, 530 , 163 ,0.00E+00
FBDC_P001,BSARAIVA,manual,SA, 513 , 115 ,0.00E+00
FBDC_P001,JMELLO,manual,SA, 496 , 87 ,0.00E+00
FBDC_P001,MAVIEIRA,manual,SA, 483 , 54 ,0.00E+00
FBDC_P001,SOVALLE,manual,SA, 460 , 125 ,0.00E+00
FBDC_P001,LGUALBERTO,manual,SA, 440 , 208 ,0.00E+00
FBDC_P001,CGALVEZ,automatic,CR, 434 , 78 ,0.00E+00
FBDC_P001,CGALVEZ,manual,SA, 404 , 84 ,0.00E+00
FBDC_P001,JTOCANCHON,manual,SA, 376 , 73 ,0.00E+00
FBDC_P001,FAGUIRRE,manual,SA, 376 , 188 ,0.00E+00
FBDC_P001,BBENITEZ,manual,SA, 369 , 111 ,0.00E+00
FBDC_P001,NSOPHIE,manual,SA, 359 , 72 ,0.00E+00
FBDC_P001,ELAVIN,manual,SA, 337 , 32 ,0.00E+00
FBDC_P001,NMOLINA,manual,SA, 329 , 72 ,0.00E+00
FBDC_P001,CRODRIGUEZ,manual,SA, 316 , 24 ,0.00E+00
FBDC_P001,EBOTELLO,manual,SA, 311 , 99 ,0.00E+00
FBDC_P001,ADOMINGUEZ,manual,SA, 310 , 17 ,0.00E+00
FBDC_P001,IZCUNHA,manual,TX, 308 , 48 ,0.00E+00
FBDC_P001,LALOPES,manual,SA, 294 , 40 ,0.00E+00
FBDC_P001,CNOMOTO,automatic,CR, 285 , 31 ,0.00E+00
FBDC_P001,LEBUENO,manual,N1, 260 , 26 ,0.00E+00
FBDC_P001,BMARIA,manual,N1, 258 , 37 ,0.00E+00
FBDC_P001,CALCANTARA,manual,GO, 258 , 67 ,0.00E+00
FBDC_P001,GFSANTOS,automatic,CR, 253 , 32 ,0.00E+00
FBDC_P001,FERUIZ,manual,SA, 252 , 26 ,0.00E+00
FBDC_P001,LPUERTO,manual,SA, 238 , 42 ,0.00E+00
FBDC_P001,RRODRIGUES,manual,SA, 230 , 54 ,0.00E+00
FBDC_P001,RCASTILLO,manual,N1, 224 , 16 ,0.00E+00
FBDC_P001,WBATISTA,manual,N1, 222 , 1 ,0.00E+00
FBDC_P001,BSARAIVA,automatic,CR, 219 , 27 ,0.00E+00
FBDC_P001,KLEAL,manual,SA, 218 , 6 ,0.00E+00
FBDC_P001,EDLOPES,manual,TX, 216 , 33 ,0.00E+00
FBDC_P001,SARIZA,manual,N1, 209 , 36 ,0.00E+00
FBDC_P001,FMUNOZ,manual,N1, 194 , 55 ,0.00E+00
FBDC_P001,IZCUNHA,manual,N1, 193 , 52 ,0.00E+00
FBDC_P001,MCLARA,manual,N1, 190 , 28 ,0.00E+00
FBDC_P001,FRUIZ,manual,N1, 189 , 28 ,0.00E+00
FBDC_P001,SAHERNANDEZ,automatic,CR, 188 , 34 ,0.00E+00
FBDC_P001,TCOELHO,manual,N1, 181 , 16 ,0.00E+00
FBDC_P001,SOVALLE,automatic,BK, 180 , 54 ,0.00E+00
FBDC_P001,AAGUIAR,manual,N1, 177 , 50 ,0.00E+00
FBDC_P001,NCARDEIRA,manual,SA, 170 , 5 ,0.00E+00
FBDC_P001,ELAVIN,manual,N1, 157 , 9 ,0.00E+00
FBDC_P001,DABE,manual,N1, 150 , 32 ,0.00E+00
FBDC_P001,EMARIN,manual,N1, 148 , 17 ,0.00E+00
FBDC_P001,DCAMACHO,manual,SA, 148 , 36 ,0.00E+00
FBDC_P001,APEREZ,manual,FP, 146 , 16 ,0.00E+00
FBDC_P001,RCASTILLO,manual,SA, 141 , 21 ,0.00E+00
FBDC_P001,NMOLINA,manual,FP, 139 , 1 ,0.00E+00
FBDC_P001,EVALADEZ,manual,FP, 139 , 1 ,0.00E+00
FBDC_P001,ARAMIREZ,manual,SA, 139 , 22 ,0.00E+00
FBDC_P001,MTEHOZOL,manual,SA, 134 , 12 ,0.00E+00
FBDC_P001,MROJO,manual,SA, 133 , 31 ,0.00E+00
FBDC_P001,LUSOUZA,manual,N1, 130 , 13 ,0.00E+00
FBDC_P001,CALCANTARA,manual,N1, 128 , 17 ,0.00E+00
FBDC_P001,CRODRIGUEZ,manual,N1, 121 , 7 ,0.00E+00
FBDC_P001,CALCANTARA,manual,IC, 120 , 1 ,0.00E+00
FBDC_P001,SARIZA,manual,SA, 120 , 35 ,0.00E+00
FBDC_P001,APEREZ,manual,N1, 117 , 26 ,0.00E+00
FBDC_P001,JGONZAGA,manual,SA, 108 , 54 ,0.00E+00
FBDC_P001,OSOSA,manual,SA, 108 , 54 ,0.00E+00
FBDC_P001,LGUALBERTO,manual,FI, 98 , 48 ,0.00E+00
FBDC_P001,BBENITEZ,automatic,BK, 97 , 30 ,0.00E+00
FBDC_P001,UTEIXEIRA,manual,SA, 95 , 12 ,0.00E+00
FBDC_P001,EMARIN,manual,SA, 93 , 16 ,0.00E+00
FBDC_P001,EVALADEZ,manual,N1, 92 , 17 ,0.00E+00
FBDC_P001,DCARIUS,manual,SA, 91 , 16 ,0.00E+00
FBDC_P001,CGALVEZ,manual,N1, 86 , 5 ,0.00E+00
FBDC_P001,RDUARTE,automatic,BK, 86 , 39 ,0.00E+00
FBDC_P001,IRANGEL,manual,SA, 82 , 41 ,0.00E+00
FBDC_P001,IORLANDINI,manual,N1, 76 , 18 ,0.00E+00
FBDC_P001,RSTEPHANO,manual,SA, 76 , 13 ,0.00E+00
FBDC_P001,DFORIGUA,manual,SA, 75 , 18 ,0.00E+00
FBDC_P001,GSARAY,manual,SA, 75 , 14 ,0.00E+00
FBDC_P001,LSINIBALDI,automatic,ZR, 70 , 35 ,0.00E+00
FBDC_P001,JSANTAMARIA,manual,SA, 65 , 7 ,0.00E+00
FBDC_P001,RRAPOSO,manual,SA, 64 , 10 ,0.00E+00
FBDC_P001,EVALADEZ,manual,SA, 64 , 11 ,0.00E+00
FBDC_P001,ACOUTINHO,manual,SA, 64 , 32 ,0.00E+00
FBDC_P001,BCHAGAS,manual,N1, 61 , 14 ,0.00E+00
FBDC_P001,CNOMOTO,manual,N1, 60 , 14 ,0.00E+00
FBDC_P001,NMOLINA,manual,N1, 56 , 6 ,0.00E+00
FBDC_P001,SDNASCIMENTO,manual,N1, 54 , 22 ,0.00E+00
FBDC_P001,CALCANTARA,manual,CP, 52 , 6 ,0.00E+00
FBDC_P001,SBORECKI,manual,CP, 50 , 2 ,0.00E+00
FBDC_P001,JCAMPOS,manual,SA, 50 , 3 ,0.00E+00
FBDC_P001,DFERREIRA,manual,N1, 49 , 8 ,0.00E+00
FBDC_P001,LRODRIGUES,manual,N1, 46 , 1 ,0.00E+00
FBDC_P001,JALONSO,manual,SA, 45 , 5 ,0.00E+00
FBDC_P001,SAHERNANDEZ,manual,N1, 41 , 3 ,0.00E+00
FBDC_P001,ISOUZA,manual,SA, 40 , 20 ,0.00E+00
FBDC_P001,JTADEU,manual,N1, 38 , 8 ,0.00E+00
FBDC_P001,DFORIGUA,manual,N1, 38 , 3 ,0.00E+00
FBDC_P001,NCAMACHO,manual,N1, 38 , 9 ,0.00E+00
FBDC_P001,AROCHA,manual,N1, 36 , 18 ,0.00E+00
FBDC_P001,CLLANO,manual,SA, 34 , 2 ,0.00E+00
FBDC_P001,AOSORIO,manual,CP, 31 , 8 ,0.00E+00
FBDC_P001,JBARAUNA,manual,FP, 26 , 13 ,0.00E+00
FBDC_P001,EDLOPES,manual,N1, 26 , 4 ,0.00E+00
FBDC_P001,APEREZ,manual,RF, 24 , 3 ,0.00E+00
FBDC_P001,FERUIZ,manual,CP, 23 , 5 ,0.00E+00
FBDC_P001,ESANTIAGO,manual,SA, 23 , 5 ,0.00E+00
FBDC_P001,EFARIAS,manual,SA, 22 , 9 ,0.00E+00
FBDC_P001,JBARAUNA,manual,SA, 22 , 11 ,0.00E+00
FBDC_P001,EDLOPES,manual,SA, 22 , 7 ,0.00E+00
FBDC_P001,KPLAZA,manual,SA, 19 , 5 ,0.00E+00
FBDC_P001,MBINI,manual,SA, 19 , 7 ,0.00E+00
FBDC_P001,JTADEU,manual,SA, 18 , 3 ,0.00E+00
FBDC_P001,PEALMEIDA,automatic,CR, 18 , 6 ,0.00E+00
FBDC_P001,RCHANG,manual,SA, 16 , 3 ,0.00E+00
FBDC_P001,ADOMINGUEZ,manual,N1, 15 , 3 ,0.00E+00
FBDC_P001,MLATORRE,manual,SA, 14 , 6 ,0.00E+00
FBDC_P001,ARFRIAS,manual,N1, 12 , 6 ,0.00E+00
FBDC_P001,MCLARA,automatic,CR, 11 , 4 ,0.00E+00
FBDC_P001,ESANTIAGO,manual,GO, 10 , 2 ,0.00E+00
FBDC_P001,FERUIZ,manual,N1, 10 , 4 ,0.00E+00
FBDC_P001,RCASTILLO,manual,CP, 8 , 1 ,0.00E+00
FBDC_P001,BSARAIVA,manual,N1, 8 , 4 ,0.00E+00
FBDC_P001,LALOPES,manual,N1, 8 , 1 ,0.00E+00
FBDC_P001,BALVES,manual,N1, 8 , 4 ,0.00E+00
FBDC_P001,BCARVALHO,manual,N1, 8 , 4 ,0.00E+00
FBDC_P001,FAGUIRRE,automatic,ZR, 6 , 3 ,0.00E+00
FBDC_P001,KCORREA,manual,N1, 6 , 3 ,0.00E+00
FBDC_P001,LOSILVA,manual,N1, 4 , 2 ,0.00E+00
FBDC_P001,PLEANDRIN,automatic,BK, 4 , 2 ,0.00E+00
FBDC_P001,FRUIZ,manual,PR, 4 , 2 ,0.00E+00
FBDC_P001,DRODRIGUEZ,manual,SA, 4 , 2 ,0.00E+00
FBDC_P001,JVPEREIRA,manual,SA, 4 , 2 ,0.00E+00
FBDC_P001,ARAMIREZ,manual,N1, 4 , 1 ,0.00E+00
FBDC_P001,CGUTIERREZ,manual,SA, 4 , 1 ,0.00E+00
FBDC_P001,NSANTOS,manual,SA, 4 , 2 ,0.00E+00
FBDC_P001,WBATISTA,manual,GO, 2 , 1 ,0.00E+00
FBDC_P001,JALONSO,manual,N1, 2 , 1 ,0.00E+00
FBDC_P001,FSOUZA,manual,N1, 2 , 1 ,0.00E+00
FBDC_P001,LSINIBALDI,automatic,YX, 2 , 1 ,0.00E+00
FBDC_P001,PCAMPOS,manual,SA, 2 , 1 ,0.00E+00
FBL1N,IRANGEL,automatic,ES, 38 , 7 ,0.00E+00
FBL1N,OSOSA,automatic,ES, 30 , 10 ,0.00E+00
FBL1N,NSANTOS,automatic,ES, 15 , 5 ,0.00E+00
FBL1N,JTOCANCHON,automatic,ES, 14 , 2 ,0.00E+00
FBL1N,CALVAREZ,automatic,ES, 6 , 1 ,0.00E+00
FBVB,SAP_WFRT,automatic,KR," 15,080 "," 7,171 ",0.00E+00
FBVB,SAP_WFRT,automatic,KS," 4,110 "," 2,055 ",0.00E+00
FBZ2,OSOSA,automatic,KZ," 1,371 ", 454 ,0.00E+00
FBZ2,CALVAREZ,automatic,KZ, 746 , 226 ,0.00E+00
FBZ2,MREIS,automatic,KZ, 724 , 169 ,0.00E+00
FBZ2,NSANTOS,automatic,KZ, 278 , 102 ,0.00E+00
FBZ2,JTOCANCHON,automatic,KZ, 268 , 63 ,0.00E+00
FBZ2,KCORREA,automatic,KZ, 204 , 81 ,0.00E+00
FBZ2,IRANGEL,automatic,KZ, 96 , 36 ,0.00E+00
FBZ2,MOLIVEIRA,automatic,KZ, 76 , 18 ,0.00E+00
FBZ2,LLOPEZ,automatic,KZ, 23 , 10 ,0.00E+00
FBZ2,ISOUZA,automatic,KZ, 23 , 9 ,0.00E+00
FBZ2,ARFRIAS,automatic,KZ, 8 , 4 ,0.00E+00
FBZ2,DCOSTO,automatic,KZ, 4 , 2 ,0.00E+00
FBZ2,FAGUIRRE,automatic,KZ, 2 , 1 ,0.00E+00
FV60,CALVAREZ,automatic,KG, 84 , 28 ,0.00E+00
FV60,JTOCANCHON,automatic,KG, 18 , 7 ,0.00E+00
KO88,DFERREIRA,automatic,AA, 150 , 11 ,0.00E+00
KO88,DFERREIRA,automatic,ES, 56 , 2 ,0.00E+00
KO8G,DFERREIRA,automatic,AA," 38,067 "," 2,967 ",0.00E+00
KO8G,DFERREIRA,automatic,ES," 3,773 ", 234 ,0.00E+00
KO8G,MCOLOZZO,automatic,AA," 3,078 ", 238 ,0.00E+00
KSV5,SBORECKI,automatic,CS," 730,794 "," 4,198 ",0.00E+00
KSV5,DFERREIRA,automatic,CO," 187,534 ", 320 ,0.00E+00
KSV5,AMALMEIDA,automatic,CO," 21,740 ", 80 ,0.00E+00
KSV5,DFERREIRA,automatic,CS," 17,796 ", 113 ,0.00E+00
KSV5,MCOLOZZO,automatic,CO," 5,680 ", 11 ,0.00E+00
KSV5,TGONZALEZ,automatic,CO," 3,798 ", 25 ,0.00E+00
KSV5,MCOLOZZO,automatic,CS," 3,736 ", 20 ,0.00E+00
KSV5,TGONZALEZ,automatic,CS," 3,154 ", 50 ,0.00E+00
KSV5,AMALMEIDA,automatic,CS," 2,080 ", 27 ,0.00E+00
KSV5,JCAMPOS,automatic,CS, 188 , 7 ,0.00E+00
LSMW,LCAMARGO,automatic,AA," 11,952 "," 5,976 ",0.00E+00
LSMW,KBRIGHI,automatic,AA," 4,544 "," 2,272 ",0.00E+00
MIR4,CALVAREZ,automatic,AA, 64 , 4 ,0.00E+00
MIR4,ISOUZA,automatic,AA, 24 , 12 ,0.00E+00
MIR4,IRANGEL,automatic,AA, 20 , 10 ,0.00E+00
MIR4,DALVES,automatic,AA, 18 , 8 ,0.00E+00
MIR4,NSANTOS,automatic,AA, 8 , 4 ,0.00E+00
MIR4,MREIS,automatic,AA, 6 , 3 ,0.00E+00
MIRO,DALVES,automatic,RE," 25,438 "," 9,030 ",0.00E+00
MIRO,ISOUZA,automatic,RE," 14,127 "," 4,659 ",0.00E+00
MIRO,IRANGEL,automatic,RE," 13,938 "," 4,892 ",0.00E+00
MIRO,OSOSA,automatic,RE," 12,095 "," 3,698 ",0.00E+00
MIRO,CALVAREZ,automatic,RE," 10,176 "," 2,599 ",0.00E+00
MIRO,MREIS,automatic,RE," 5,959 "," 2,137 ",0.00E+00
MIRO,NSANTOS,automatic,RE," 4,532 "," 1,664 ",0.00E+00
MIRO,JTOCANCHON,automatic,RE," 2,989 ", 532 ,0.00E+00
MIRO,CALVAREZ,automatic,AA," 2,020 ", 50 ,0.00E+00
MIRO,IRANGEL,automatic,AA, 736 , 36 ,0.00E+00
MIRO,DALVES,automatic,AA, 596 , 40 ,0.00E+00
MIRO,ISOUZA,automatic,AA, 322 , 136 ,0.00E+00
MIRO,OSOSA,automatic,AA, 268 , 15 ,0.00E+00
MIRO,NSANTOS,automatic,AA, 262 , 11 ,0.00E+00
MIRO,JTOCANCHON,automatic,AA, 128 , 9 ,0.00E+00
MIRO,SAPCPI,automatic,RE, 41 , 13 ,0.00E+00
MIRO,MREIS,automatic,AA, 26 , 13 ,0.00E+00
MIRO,MOLIVEIRA,automatic,RE, 13 , 4 ,0.00E+00
MIRO,CALVAREZ,automatic,KR, 4 , 1 ,0.00E+00
MIRO,SAPCPI,automatic,AA, 2 , 1 ,0.00E+00
MIRO,CALVAREZ,manual,SR, 2 , 1 ,0.00E+00
MIRO,MOLIVEIRA,automatic,AA, 2 , 1 ,0.00E+00
MR8M,DALVES,automatic,RE, 100 , 30 ,0.00E+00
MR8M,NSANTOS,automatic,RE, 69 , 17 ,0.00E+00
MR8M,MREIS,automatic,RE, 42 , 14 ,0.00E+00
MR8M,SAPCPI,automatic,RE, 6 , 3 ,0.00E+00
MR8M,MOLIVEIRA,automatic,RE, 5 , 1 ,0.00E+00
MR8M,DALVES,automatic,AA, 2 , 1 ,0.00E+00
MR8M,SAPCPI,automatic,AA, 2 , 1 ,0.00E+00
ZFI_ADP,HBALBINO,manual,FP," 347,834 "," 173,917 ",0.00E+00
ZFI_ADP,JEPEREIRA,manual,FP," 32,784 "," 16,392 ",0.00E+00
ZLIA_COCKPIT,DALVES,automatic,AA, 176 , 75 ,0.00E+00
ZLIA_COCKPIT,IRANGEL,automatic,AA, 118 , 55 ,0.00E+00
ZLIA_COCKPIT,MREIS,automatic,AA, 60 , 25 ,0.00E+00
ZLIA_COCKPIT,ISOUZA,automatic,AA, 36 , 18 ,0.00E+00
ZLIA_COCKPIT,NSANTOS,automatic,AA, 16 , 8 ,0.00E+00
ZMM_CARGA_MIRO_MX,OSOSA,automatic,AA, 18 , 9 ,0.00E+00